"Task_ID","Category","Subcategory","Task_Name","Status","Priority","Dependency","Owner","Source_File","Notes"
"TASK-0001","Planning","Market Calibration","Monthly review of Market Research to validate ADR targets","Not Started","Medium","None","Owner","01_Planning\PLANNING_STRATEGY.md","Anchored in Austin 78744 benchmarks"
"TASK-0002","Planning","Fiscal Discipline","Reconcile Budgeting Tracker after each major furnishing phase","Not Started","High","None","Owner","01_Planning\PLANNING_STRATEGY.md","Protecting capital basis"
"TASK-0003","Planning","Risk Mitigation","Weekly review of the Risk Register","Not Started","High","None","Owner","01_Planning\PLANNING_STRATEGY.md","Identify and neutralize potential failures"
"TASK-0004","Planning","Market Calibration","Account for March (SXSW) and October (ACL/F1) in planning","Not Started","High","None","Owner","01_Planning\PLANNING_STRATEGY.md","Primary yield generators"
"TASK-0005","Planning","Permitting","Account for City of Austin STR license processing cycles in Project Timeline","In Progress","High","None","Owner","01_Planning\PLANNING_STRATEGY.md","City of Austin lead times"
"TASK-0006","Design","Measurement","Validate all major pieces against the Measurement Verification Sheet","In Progress","High","None","Owner","02_Property_Design\DESIGN_STRATEGY.md","Physical shell validation"
"TASK-0007","Design","Measurement","Ensure 36"" clearance for all primary circulation mobility paths","In Progress","High","None","Owner","02_Property_Design\DESIGN_STRATEGY.md","Mandatory clearance"
"TASK-0008","Design","Measurement","Ensure 42""-48"" clearances in Kitchen and Great Room social zones","In Progress","Medium","None","Owner","02_Property_Design\DESIGN_STRATEGY.md","Support group interaction"
"TASK-0009","Design","Functionality","Integrated power in every nightstand and 142"" island","In Progress","Medium","None","Owner","02_Property_Design\DESIGN_STRATEGY.md","Guest-centric charging"
"TASK-0010","Design","Functionality","Use warm-dim technology (2700K-3000K) for lighting","In Progress","Low","None","Owner","02_Property_Design\DESIGN_STRATEGY.md","Inviting atmosphere"
"TASK-0011","Design","Functionality","Use high-pile rugs and soft goods in 300"" Great Room for acoustics","In Progress","Medium","None","Owner","02_Property_Design\DESIGN_STRATEGY.md","Mitigate LVP flooring echo"
"TASK-0012","Design","Material Language","Validate themes in Room Theme Matrix","In Progress","High","None","Owner","02_Property_Design\DESIGN_STRATEGY.md","Brand consistency"
"TASK-0013","Design","QA","Final QA via Photo Readiness Rules","Not Started","High","TASK-0028","Owner","02_Property_Design\DESIGN_STRATEGY.md","Final staging pass"
"TASK-0014","Procurement","Durability","Source solid wood frames and high-end commercial upholstery","Not Started","High","None","Owner","03_Furnishing_Procurement\PROCUREMENT_STRATEGY.md","Avoid Fast Furniture"
"TASK-0015","Procurement","Aesthetic","Ensure every room has at least one ""Statement Piece""","Not Started","Medium","None","Owner","03_Furnishing_Procurement\PROCUREMENT_STRATEGY.md","Austin Local brand proof"
"TASK-0016","Procurement","Efficiency","Scavenge/restore 70% of home's furniture volume","Not Started","High","None","Owner","03_Furnishing_Procurement\PROCUREMENT_STRATEGY.md","70-80% discounts target"
"TASK-0017","Procurement","Sourcing","Island stools must be low-profile (max 18"" wide)","Not Started","Medium","None","Owner","03_Furnishing_Procurement\PROCUREMENT_STRATEGY.md","Fit 4 units at 35"" intervals"
"TASK-0018","Procurement","Sourcing","Great Room sectional must be at least 110"" long","Not Started","Medium","None","Owner","03_Furnishing_Procurement\PROCUREMENT_STRATEGY.md","Avoid being lost in 300"" room"
"TASK-0019","Procurement","Sourcing","Ensure all furniture fits through 60"" main entry door","Not Started","High","None","Owner","03_Furnishing_Procurement\PROCUREMENT_STRATEGY.md","Logistics verification"
"TASK-0020","Procurement","Sourcing","Prioritize metal bunk systems for secondary bedrooms","Not Started","High","None","Owner","03_Furnishing_Procurement\PROCUREMENT_STRATEGY.md","Hospitality durability standard"
"TASK-0021","Setup","Infrastructure","Execute pre-furniture deep clean","Not Started","High","None","Owner","04_Setup_Execution\EXECUTION_STRATEGY.md","White Glove test"
"TASK-0022","Setup","Infrastructure","Address cosmetic defects (patch/paint) while home is empty","Not Started","High","None","Owner","04_Setup_Execution\EXECUTION_STRATEGY.md","Clean functional canvas"
"TASK-0023","Setup","Tech","Deploy Smart Locks with automated guest access codes","Not Started","High","None","Owner","04_Setup_Execution\EXECUTION_STRATEGY.md","Property integrity"
"TASK-0024","Setup","Tech","Deploy Minut noise monitoring and set threshold alerts","Not Started","High","None","Owner","04_Setup_Execution\EXECUTION_STRATEGY.md","Community complaint prevention"
"TASK-0025","Setup","Tech","Configure Nest HVAC range-locking","Not Started","Medium","None","Owner","04_Setup_Execution\EXECUTION_STRATEGY.md","Prevent excessive system wear"
"TASK-0026","Setup","Staging","Stage bedding using ""Triple-Sheet"" method","Not Started","Medium","None","Owner","04_Setup_Execution\EXECUTION_STRATEGY.md","Hotel-grade bedding"
"TASK-0027","Setup","Staging","Set Kitchen Island stools at 35"" spacing","Not Started","Medium","None","Owner","04_Setup_Execution\EXECUTION_STRATEGY.md","Layout precision"
"TASK-0028","Setup","Content","Conduct professional photography (Hero Shots)","Not Started","High","TASK-0027","Owner","04_Setup_Execution\EXECUTION_STRATEGY.md","Primary conversion factor"
"TASK-0029","Operations","Sanitation","Complete primary cleaning by 2:30 PM on turnover days","Not Started","High","None","Owner","05_Operations\OPERATIONS_STRATEGY.md","Golden Window management"
"TASK-0030","Operations","Audit","Final manager walkthrough by 3:30 PM","Not Started","High","TASK-0029","Owner","05_Operations\OPERATIONS_STRATEGY.md","Turnover readiness verification"
"TASK-0031","Operations","Tech Health","Verify Minut and Nest Protect connectivity during every reset","Not Started","High","None","Owner","05_Operations\OPERATIONS_STRATEGY.md","Device health checks"
"TASK-0032","Operations","Incident Response","Log all operational issues in Incident Tracker","Not Started","Medium","None","Owner","05_Operations\OPERATIONS_STRATEGY.md","Rapid-response management"
"TASK-0033","Operations","Staging Accuracy","Reset furniture and decor to Staging Execution Log specs","Not Started","High","None","Owner","05_Operations\OPERATIONS_STRATEGY.md","Aesthetic consistency"
"TASK-0034","Operations","Guest UX","Issue smart lock codes 24 hours in advance","Not Started","High","None","Owner","06_Guest_Experience\GUEST_HOSPITALITY_STRATEGY.md","Pre-arrival clarity"
"TASK-0035","Operations","Guest UX","Label lights fans and 142"" kitchen island outlets","Not Started","Low","None","Owner","06_Guest_Experience\GUEST_HOSPITALITY_STRATEGY.md","Empower the guest"
"TASK-0036","Operations","Guest UX","Place physical House Manual binder in Living Room","Not Started","Medium","None","Owner","06_Guest_Experience\GUEST_HOSPITALITY_STRATEGY.md","Top 10 FAQ resolution"
"TASK-0037","Operations","Guest UX","Execute ""Hour One"" check-in message","Not Started","Medium","None","Owner","06_Guest_Experience\GUEST_HOSPITALITY_STRATEGY.md","Wi-Fi/Lock verification"
"TASK-0038","Operations","Guest UX","Execute ""Day One"" check-in message","Not Started","Medium","None","Owner","06_Guest_Experience\GUEST_HOSPITALITY_STRATEGY.md","Climate/Bedding comfort check"
"TASK-0039","Operations","Guest UX","Send checkout flow reminder 18 hours before departure","Not Started","Medium","None","Owner","06_Guest_Experience\GUEST_HOSPITALITY_STRATEGY.md","Frictionless departure"
"TASK-0040","Launch","Narrative Proof","Mention 142"" island and 158"" hallway in listing copy","Not Started","Medium","None","Owner","07_Marketing_Listing\MARKETING_STRATEGY.md","Measurement-backed trust"
"TASK-0041","Launch","SEO","Target specific Austin-intent SEO keywords","Not Started","High","None","Owner","07_Marketing_Listing\MARKETING_STRATEGY.md","Algorithm velocity"
"TASK-0042","Launch","Visual Hook","Capture twilight photography of 468"" patio fire pit","Not Started","High","None","Owner","07_Marketing_Listing\MARKETING_STRATEGY.md","The Hook and The Proof"
"TASK-0043","Planning","Velocity","Apply 50%+ premium for SXSW F1 and ACL weekends","Not Started","High","None","Owner","08_Pricing_Revenue\REVENUE_STRATEGY.md","Balanced yield management"
"TASK-0044","Planning","Velocity","Trigger 8% Near-Term Gap Fill discount if unbooked within 7 days","Not Started","Medium","None","Owner","08_Pricing_Revenue\REVENUE_STRATEGY.md","Booking pace maintenance"
"TASK-0045","Planning","Financial Safety","Perform monthly payout reconciliation","Not Started","High","None","Owner","08_Pricing_Revenue\REVENUE_STRATEGY.md","Prevent financial leakage"
"TASK-0046","Planning","Compliance","Display STR License Number on all listings and House Manual","In Progress","High","None","Owner","09_Legal_Compliance\COMPLIANCE_STRATEGY.md","Austin STR Mandate"
"TASK-0047","Planning","Taxation","Verify collection and remittance of Austin HOT taxes monthly","In Progress","High","None","Owner","09_Legal_Compliance\COMPLIANCE_STRATEGY.md","Lodging tax compliance"
"TASK-0048","Planning","Insurance","Annual review of STR-specific insurance carrier","In Progress","High","None","Owner","09_Legal_Compliance\COMPLIANCE_STRATEGY.md","Asset Shield protection"
"TASK-0049","Operations","Prevention","Monthly HVAC filter changes and AC condenser cleaning","Not Started","High","None","Owner","10_Maintenance\MAINTENANCE_STRATEGY.md","Austin heat management"
"TASK-0050","Operations","Prevention","Bi-annual descaling of coffee bar","Not Started","Medium","None","Owner","10_Maintenance\MAINTENANCE_STRATEGY.md","Hard water management"
"TASK-0051","Operations","Prevention","Monthly drain treatments","Not Started","Low","None","Owner","10_Maintenance\MAINTENANCE_STRATEGY.md","Asset integrity"
"TASK-0052","Operations","Detection","Monthly review of utility ranges in Utilities Tracker","Not Started","Medium","None","Owner","10_Maintenance\MAINTENANCE_STRATEGY.md","HVAC inefficiency detection"
"TASK-0053","Operations","Prevention","Check 468"" patio hardware for UV wear and stability","Not Started","Medium","None","Owner","10_Maintenance\MAINTENANCE_STRATEGY.md","Outdoor staging safety"
"TASK-0054","Operations","Feedback Loop","Run KPI Command Center weekly","Not Started","High","None","Owner","11_Analytics_Performance\ANALYTICS_STRATEGY.md","Data-driven hospitality"
"TASK-0055","Operations","Conversion","Refresh listing copy if view-to-booking conversion < 2%","Not Started","High","None","Owner","11_Analytics_Performance\ANALYTICS_STRATEGY.md","Conversion Funnel management"
"TASK-0056","Operations","Profitability","Review pricing strategy if RevPAR < $165 for 2 consecutive weeks","Not Started","High","None","Owner","11_Analytics_Performance\ANALYTICS_STRATEGY.md","Yield optimization"
"TASK-1000","Planning","02_Market_Research","True","True","True","True","True","01_Planning\02_Market_Research\2026-04-01__02_Market_Research_Tracker__v1.csv","True"
"TASK-1001","Planning","02_Market_Research","True","True","True","True","True","01_Planning\02_Market_Research\2026-04-01__02_Market_Research_Tracker__v1.csv","True"
"TASK-1002","Planning","02_Market_Research","True","True","True","True","True","01_Planning\02_Market_Research\2026-04-01__02_Market_Research_Tracker__v1.csv","True"
"TASK-1003","Planning","02_Market_Research","True","True","True","True","True","01_Planning\02_Market_Research\2026-04-01__02_Market_Research_Tracker__v1.csv","True"
"TASK-1004","Planning","02_Market_Research","True","True","True","True","True","01_Planning\02_Market_Research\2026-04-01__02_Market_Research_Tracker__v1.csv","True"
"TASK-1005","Planning","02_Market_Research","True","True","True","True","True","01_Planning\02_Market_Research\2026-04-01__02_Market_Research_Tracker__v1.csv","True"
"TASK-1006","Planning","03_Budgeting","True","True","True","True","True","01_Planning\03_Budgeting\2026-04-01__03_Budgeting_Tracker__v1.csv","True"
"TASK-1007","Planning","03_Budgeting","True","True","True","True","True","01_Planning\03_Budgeting\2026-04-01__03_Budgeting_Tracker__v1.csv","True"
"TASK-1008","Planning","03_Budgeting","True","True","True","True","True","01_Planning\03_Budgeting\2026-04-01__03_Budgeting_Tracker__v1.csv","True"
"TASK-1009","Planning","03_Budgeting","True","True","True","True","True","01_Planning\03_Budgeting\2026-04-01__03_Budgeting_Tracker__v1.csv","True"
"TASK-1010","Planning","03_Budgeting","True","True","True","True","True","01_Planning\03_Budgeting\2026-04-01__03_Budgeting_Tracker__v1.csv","True"
"TASK-1011","Planning","03_Budgeting","True","True","True","True","True","01_Planning\03_Budgeting\2026-04-01__03_Budgeting_Tracker__v1.csv","True"
"TASK-1012","Planning","03_Budgeting","True","True","True","True","True","01_Planning\03_Budgeting\2026-04-01__03_Budgeting_Tracker__v1.csv","True"
"TASK-1013","Planning","04_Project_Timeline","True","True","True","True","True","01_Planning\04_Project_Timeline\2026-04-01__04_Project_Timeline_Tracker__v1.csv","True"
"TASK-1014","Planning","04_Project_Timeline","True","True","True","True","True","01_Planning\04_Project_Timeline\2026-04-01__04_Project_Timeline_Tracker__v1.csv","True"
"TASK-1015","Planning","04_Project_Timeline","True","True","True","True","True","01_Planning\04_Project_Timeline\2026-04-01__04_Project_Timeline_Tracker__v1.csv","True"
"TASK-1016","Planning","04_Project_Timeline","True","True","True","True","True","01_Planning\04_Project_Timeline\2026-04-01__04_Project_Timeline_Tracker__v1.csv","True"
"TASK-1017","Planning","04_Project_Timeline","True","True","True","True","True","01_Planning\04_Project_Timeline\2026-04-01__04_Project_Timeline_Tracker__v1.csv","True"
"TASK-1018","Planning","04_Project_Timeline","True","True","True","True","True","01_Planning\04_Project_Timeline\2026-04-01__04_Project_Timeline_Tracker__v1.csv","True"
"TASK-1019","Planning","04_Project_Timeline","True","True","True","True","True","01_Planning\04_Project_Timeline\2026-04-01__04_Project_Timeline_Tracker__v1.csv","True"
"TASK-1020","Property_Design","03_Brand_Style_Themes","Confirm one Austin art focal piece per target area","Not Started","UNKNOWN","None","Owner","02_Property_Design\03_Brand_Style_Themes\03_Execution_Staging\2026-04-01__Brand_Style_Action_Checklist__v1.md","Granular task from checklist"
"TASK-1021","Property_Design","03_Brand_Style_Themes","Align color palette with whole-home system","Not Started","UNKNOWN","None","Owner","02_Property_Design\03_Brand_Style_Themes\03_Execution_Staging\2026-04-01__Brand_Style_Action_Checklist__v1.md","Granular task from checklist"
"TASK-1022","Property_Design","03_Brand_Style_Themes","Confirm materials are STR-durable","Not Started","UNKNOWN","None","Owner","02_Property_Design\03_Brand_Style_Themes\03_Execution_Staging\2026-04-01__Brand_Style_Action_Checklist__v1.md","Granular task from checklist"
"TASK-1023","Property_Design","03_Brand_Style_Themes","Master Bedroom set to Hill Country Retreat","Not Started","UNKNOWN","None","Owner","02_Property_Design\03_Brand_Style_Themes\03_Execution_Staging\2026-04-01__Brand_Style_Action_Checklist__v1.md","Granular task from checklist"
"TASK-1024","Property_Design","03_Brand_Style_Themes","Secondary Bedroom #1 set to South Congress Studio","Not Started","UNKNOWN","None","Owner","02_Property_Design\03_Brand_Style_Themes\03_Execution_Staging\2026-04-01__Brand_Style_Action_Checklist__v1.md","Granular task from checklist"
"TASK-1025","Property_Design","03_Brand_Style_Themes","Secondary Bedroom #2 set to Barton Springs Calm","Not Started","UNKNOWN","None","Owner","02_Property_Design\03_Brand_Style_Themes\03_Execution_Staging\2026-04-01__Brand_Style_Action_Checklist__v1.md","Granular task from checklist"
"TASK-1026","Property_Design","03_Brand_Style_Themes","Den set to Live Oak Creative Lounge","Not Started","UNKNOWN","None","Owner","02_Property_Design\03_Brand_Style_Themes\03_Execution_Staging\2026-04-01__Brand_Style_Action_Checklist__v1.md","Granular task from checklist"
"TASK-1027","Property_Design","03_Brand_Style_Themes","Covered Patio set to Texas Sunset Social Deck","Not Started","UNKNOWN","None","Owner","02_Property_Design\03_Brand_Style_Themes\03_Execution_Staging\2026-04-01__Brand_Style_Action_Checklist__v1.md","Granular task from checklist"
"TASK-1028","Property_Design","03_Brand_Style_Themes","No duplicate ""copy-paste"" styling across sister rooms","Not Started","UNKNOWN","None","Owner","02_Property_Design\03_Brand_Style_Themes\03_Execution_Staging\2026-04-01__Brand_Style_Action_Checklist__v1.md","Granular task from checklist"
"TASK-1029","Property_Design","03_Brand_Style_Themes","No conflicting accent palettes between adjacent spaces","Not Started","UNKNOWN","None","Owner","02_Property_Design\03_Brand_Style_Themes\03_Execution_Staging\2026-04-01__Brand_Style_Action_Checklist__v1.md","Granular task from checklist"
"TASK-1030","Property_Design","03_Brand_Style_Themes","All art choices reviewed for licensing/print quality","Not Started","UNKNOWN","None","Owner","02_Property_Design\03_Brand_Style_Themes\03_Execution_Staging\2026-04-01__Brand_Style_Action_Checklist__v1.md","Granular task from checklist"
"TASK-1031","Property_Design","04_Safety_Accessibility","142"" Kitchen island: All stools are stable and non-slip.","Not Started","UNKNOWN","None","Owner","02_Property_Design\04_Safety_Accessibility\02_Hazard_Mitigation\Property_Hazard_Audit_Checklist.md","Granular task from checklist"
"TASK-1032","Property_Design","04_Safety_Accessibility","158"" Hallway: Nightlights functional.","Not Started","UNKNOWN","None","Owner","02_Property_Design\04_Safety_Accessibility\02_Hazard_Mitigation\Property_Hazard_Audit_Checklist.md","Granular task from checklist"
"TASK-1033","Property_Design","04_Safety_Accessibility","Patio (468""x120""): Pavers level, no trip hazards at the sliding door threshold.","Not Started","UNKNOWN","None","Owner","02_Property_Design\04_Safety_Accessibility\02_Hazard_Mitigation\Property_Hazard_Audit_Checklist.md","Granular task from checklist"
"TASK-1034","Property_Design","04_Safety_Accessibility","Den: Sleeper sofa mechanism lubricated and safe for guest operation.","Not Started","UNKNOWN","None","Owner","02_Property_Design\04_Safety_Accessibility\02_Hazard_Mitigation\Property_Hazard_Audit_Checklist.md","Granular task from checklist"
"TASK-1035","Property_Design","04_Safety_Accessibility","All cleaning chemicals stored in locked cabinet under kitchen sink.","Not Started","UNKNOWN","None","Owner","02_Property_Design\04_Safety_Accessibility\02_Hazard_Mitigation\Property_Hazard_Audit_Checklist.md","Granular task from checklist"
"TASK-1036","Property_Design","04_Safety_Accessibility","**Signage:** STR License posted in 60"" Main Entry.","Not Started","UNKNOWN","None","Owner","02_Property_Design\04_Safety_Accessibility\05_Compliance_and_Regulations\STR_Compliance_Checklist.md","Granular task from checklist"
"TASK-1037","Property_Design","04_Safety_Accessibility","**Signage:** Emergency Exit map posted in Mudroom (98""x43"").","Not Started","UNKNOWN","None","Owner","02_Property_Design\04_Safety_Accessibility\05_Compliance_and_Regulations\STR_Compliance_Checklist.md","Granular task from checklist"
"TASK-1038","Property_Design","04_Safety_Accessibility","**Suppression:** Fire extinguisher (5lb) tagged and visible in Kitchen.","Not Started","UNKNOWN","None","Owner","02_Property_Design\04_Safety_Accessibility\05_Compliance_and_Regulations\STR_Compliance_Checklist.md","Granular task from checklist"
"TASK-1039","Property_Design","04_Safety_Accessibility","**Detection:** Smoke/CO detectors interconnected and testing green.","Not Started","UNKNOWN","None","Owner","02_Property_Design\04_Safety_Accessibility\05_Compliance_and_Regulations\STR_Compliance_Checklist.md","Granular task from checklist"
"TASK-1040","Property_Design","04_Safety_Accessibility","**Occupancy:** Primary Bedroom (2), Bedroom 2 (2), Bedroom 3 (2), Den (2) + 2 = 10 Max.","Not Started","UNKNOWN","None","Owner","02_Property_Design\04_Safety_Accessibility\05_Compliance_and_Regulations\STR_Compliance_Checklist.md","Granular task from checklist"
"TASK-1041","Property_Design","04_Safety_Accessibility","**Exterior:** Address numbers (7513) clearly visible from the street (4"" min height).","Not Started","UNKNOWN","None","Owner","02_Property_Design\04_Safety_Accessibility\05_Compliance_and_Regulations\STR_Compliance_Checklist.md","Granular task from checklist"
"TASK-1042","Property_Design","04_Safety_Accessibility","**Safety:** No frayed cords or exposed wiring in the Living Room (300""x163"").","Not Started","UNKNOWN","None","Owner","02_Property_Design\04_Safety_Accessibility\05_Compliance_and_Regulations\STR_Compliance_Checklist.md","Granular task from checklist"
"TASK-1043","Furnishing_Procurement","01_Strategy_and_Budget","**Search FB Marketplace:** ""West Elm"", ""Pottery Barn"", ""CB2"", ""Solid Wood"" within 20 miles.","Not Started","UNKNOWN","None","Owner","03_Furnishing_Procurement\01_Strategy_and_Budget\Budget_and_Source_Tracker.md","Granular task from checklist"
"TASK-1044","Furnishing_Procurement","01_Strategy_and_Budget","**Visit City-Wide Vintage Sale:** Austin, TX (Target: Art, Lamps, Oddities).","Not Started","UNKNOWN","None","Owner","03_Furnishing_Procurement\01_Strategy_and_Budget\Budget_and_Source_Tracker.md","Granular task from checklist"
"TASK-1045","Furnishing_Procurement","01_Strategy_and_Budget","**Check Round Top Antiques:** (Target: Statement Patio furniture).","Not Started","UNKNOWN","None","Owner","03_Furnishing_Procurement\01_Strategy_and_Budget\Budget_and_Source_Tracker.md","Granular task from checklist"
"TASK-1046","Furnishing_Procurement","03_Scavenging_and_Sourcing","**Sectional Sofa:** Target $600 max. Focus on ""West Elm"" or ""Interior Define"".","Not Started","UNKNOWN","None","Owner","03_Furnishing_Procurement\03_Scavenging_and_Sourcing\2026-04-01__Active_Sourcing_and_Contact_Log__v1.md","Granular task from checklist"
"TASK-1047","Furnishing_Procurement","03_Scavenging_and_Sourcing","**Dining Set:** Target $200 max. Solid wood only.","Not Started","UNKNOWN","None","Owner","03_Furnishing_Procurement\03_Scavenging_and_Sourcing\2026-04-01__Active_Sourcing_and_Contact_Log__v1.md","Granular task from checklist"
"TASK-1048","Furnishing_Procurement","03_Scavenging_and_Sourcing","**Bunkbeds:** Target $300 max. Metal or hard wood frames.","Not Started","UNKNOWN","None","Owner","03_Furnishing_Procurement\03_Scavenging_and_Sourcing\2026-04-01__Active_Sourcing_and_Contact_Log__v1.md","Granular task from checklist"
"TASK-1049","Furnishing_Procurement","04_Restoration_and_DIY","**Project: Gallery Wall (Entryway):** Source 5 vintage Austin prints ($5-10 each) + Thrifted mismatched wood frames ($2-5 each).","Not Started","UNKNOWN","None","Owner","03_Furnishing_Procurement\04_Restoration_and_DIY\Restoration_and_DIY_Log.md","Granular task from checklist"
"TASK-1050","Furnishing_Procurement","04_Restoration_and_DIY","**Project: Den Reading Nook:** Re-paint thrifted bookshelf in ""Dark Shell"" to match theme.","Not Started","UNKNOWN","None","Owner","03_Furnishing_Procurement\04_Restoration_and_DIY\Restoration_and_DIY_Log.md","Granular task from checklist"
"TASK-1051","Furnishing_Procurement","04_Restoration_and_DIY","**Project: Kitchen Spice Rack:** Upcycle wooden crate into a wall-mounted lazy susan.","Not Started","UNKNOWN","None","Owner","03_Furnishing_Procurement\04_Restoration_and_DIY\Restoration_and_DIY_Log.md","Granular task from checklist"
"TASK-1052","Furnishing_Procurement","04_Restoration_and_DIY","Sandpaper (60, 120, 220, 320 grit)","Not Started","UNKNOWN","None","Owner","03_Furnishing_Procurement\04_Restoration_and_DIY\Restoration_and_DIY_Log.md","Granular task from checklist"
"TASK-1053","Furnishing_Procurement","04_Restoration_and_DIY","Wood glue (Titebond III)","Not Started","UNKNOWN","None","Owner","03_Furnishing_Procurement\04_Restoration_and_DIY\Restoration_and_DIY_Log.md","Granular task from checklist"
"TASK-1054","Furnishing_Procurement","04_Restoration_and_DIY","""Shell"" colored paint (Low VOC)","Not Started","UNKNOWN","None","Owner","03_Furnishing_Procurement\04_Restoration_and_DIY\Restoration_and_DIY_Log.md","Granular task from checklist"
"TASK-1055","Furnishing_Procurement","04_Restoration_and_DIY","Matte Black spray paint (For metal frames/hardware)","Not Started","UNKNOWN","None","Owner","03_Furnishing_Procurement\04_Restoration_and_DIY\Restoration_and_DIY_Log.md","Granular task from checklist"
"TASK-1056","Furnishing_Procurement","04_Restoration_and_DIY","Mineral Spirits / Goo Gone","Not Started","UNKNOWN","None","Owner","03_Furnishing_Procurement\04_Restoration_and_DIY\Restoration_and_DIY_Log.md","Granular task from checklist"
"TASK-1057","Furnishing_Procurement","05_Logistics_and_Delivery","Move item to exact [Staging Execution Log](../../04_Setup_Execution/03_Furniture_and_Staging_Execution/2026-04-01__Staging_Execution_Log__v1.md) coordinates.","Not Started","UNKNOWN","None","Owner","03_Furnishing_Procurement\05_Logistics_and_Delivery\2026-04-01__Logistics_and_Staging_Master__v1.md","Granular task from checklist"
"TASK-1058","Furnishing_Procurement","05_Logistics_and_Delivery","Install felt pads on all legs.","Not Started","UNKNOWN","None","Owner","03_Furnishing_Procurement\05_Logistics_and_Delivery\2026-04-01__Logistics_and_Staging_Master__v1.md","Granular task from checklist"
"TASK-1059","Furnishing_Procurement","05_Logistics_and_Delivery","Remove all transport debris and protection tape.","Not Started","UNKNOWN","None","Owner","03_Furnishing_Procurement\05_Logistics_and_Delivery\2026-04-01__Logistics_and_Staging_Master__v1.md","Granular task from checklist"
"TASK-1060","Setup_Execution","03_Furniture_and_Staging_Execution","**Sectional Placement:** Position the L-sectional to face the 300"" wall; ensure 48"" clearance from the 142"" Kitchen Island.","Not Started","UNKNOWN","None","Owner","04_Setup_Execution\03_Furniture_and_Staging_Execution\2026-04-01__Staging_Execution_Log__v1.md","Granular task from checklist"
"TASK-1061","Setup_Execution","03_Furniture_and_Staging_Execution","**Rug Alignment:** Center the 10'x14' rug; front legs of the sofa must be 6"" onto the rug.","Not Started","UNKNOWN","None","Owner","04_Setup_Execution\03_Furniture_and_Staging_Execution\2026-04-01__Staging_Execution_Log__v1.md","Granular task from checklist"
"TASK-1062","Setup_Execution","03_Furniture_and_Staging_Execution","**Coffee Table:** Centralize between the sectional wings; verify 18"" ""knee clearance"" from the sofa edge.","Not Started","UNKNOWN","None","Owner","04_Setup_Execution\03_Furniture_and_Staging_Execution\2026-04-01__Staging_Execution_Log__v1.md","Granular task from checklist"
"TASK-1063","Setup_Execution","03_Furniture_and_Staging_Execution","**Island Seating:** Place 4 counter stools at exactly 35"" intervals along the 142"" island face.","Not Started","UNKNOWN","None","Owner","04_Setup_Execution\03_Furniture_and_Staging_Execution\2026-04-01__Staging_Execution_Log__v1.md","Granular task from checklist"
"TASK-1064","Setup_Execution","03_Furniture_and_Staging_Execution","**Dining Table:** Center under the primary light fixture; ensure 36"" chair-pull clearance from the walls.","Not Started","UNKNOWN","None","Owner","04_Setup_Execution\03_Furniture_and_Staging_Execution\2026-04-01__Staging_Execution_Log__v1.md","Granular task from checklist"
"TASK-1065","Setup_Execution","03_Furniture_and_Staging_Execution","**Bed Assembly:** Center the King frame on the primary wall; verify 30"" clearance on both sides for nightstands.","Not Started","UNKNOWN","None","Owner","04_Setup_Execution\03_Furniture_and_Staging_Execution\2026-04-01__Staging_Execution_Log__v1.md","Granular task from checklist"
"TASK-1066","Setup_Execution","03_Furniture_and_Staging_Execution","**The ""Triple-Sheet"":** Execute the triple-sheet bedding method with 90-degree fluffed pillows.","Not Started","UNKNOWN","None","Owner","04_Setup_Execution\03_Furniture_and_Staging_Execution\2026-04-01__Staging_Execution_Log__v1.md","Granular task from checklist"
"TASK-1067","Setup_Execution","03_Furniture_and_Staging_Execution","**Rug:** 8'x10' rug placed 3/4 under the bed, leaving 24"" of rug exposed at the foot.","Not Started","UNKNOWN","None","Owner","04_Setup_Execution\03_Furniture_and_Staging_Execution\2026-04-01__Staging_Execution_Log__v1.md","Granular task from checklist"
"TASK-1068","Setup_Execution","03_Furniture_and_Staging_Execution","**Art Flow:** Install the ""Austin Local"" gallery wall at 57"" on-center (eye level).","Not Started","UNKNOWN","None","Owner","04_Setup_Execution\03_Furniture_and_Staging_Execution\2026-04-01__Staging_Execution_Log__v1.md","Granular task from checklist"
"TASK-1069","Setup_Execution","03_Furniture_and_Staging_Execution","**Clearance:** Ensure zero obstructions in the 158"" run to maintain the ""Grand Scale"" visual.","Not Started","UNKNOWN","None","Owner","04_Setup_Execution\03_Furniture_and_Staging_Execution\2026-04-01__Staging_Execution_Log__v1.md","Granular task from checklist"
"TASK-1070","Setup_Execution","03_Furniture_and_Staging_Execution","**Desk Placement:** Position the desk to face the window; ensure the 50"" TV (mounted in Phase 1) is visible for ""second-screen"" utility.","Not Started","UNKNOWN","None","Owner","04_Setup_Execution\03_Furniture_and_Staging_Execution\2026-04-01__Staging_Execution_Log__v1.md","Granular task from checklist"
"TASK-1071","Setup_Execution","06_Content_and_Media_Preparation","**Sofa:** High-texture throw blankets draped ""casually"" over the L-sectional.","Not Started","UNKNOWN","None","Owner","04_Setup_Execution\06_Content_and_Media_Preparation\2026-04-01__Photography_Media_Prep_Checklist__v1.md","Granular task from checklist"
"TASK-1072","Setup_Execution","06_Content_and_Media_Preparation","**Coffee Table:** Styled with an open architecture book and one small plant.","Not Started","UNKNOWN","None","Owner","04_Setup_Execution\06_Content_and_Media_Preparation\2026-04-01__Photography_Media_Prep_Checklist__v1.md","Granular task from checklist"
"TASK-1073","Setup_Execution","06_Content_and_Media_Preparation","**Art:** Ensure all pieces are level and reflection-free.","Not Started","UNKNOWN","None","Owner","04_Setup_Execution\06_Content_and_Media_Preparation\2026-04-01__Photography_Media_Prep_Checklist__v1.md","Granular task from checklist"
"TASK-1074","Setup_Execution","06_Content_and_Media_Preparation","**Island:** Clear of all non-decor items; place 4 stools at even 35"" intervals.","Not Started","UNKNOWN","None","Owner","04_Setup_Execution\06_Content_and_Media_Preparation\2026-04-01__Photography_Media_Prep_Checklist__v1.md","Granular task from checklist"
"TASK-1075","Setup_Execution","06_Content_and_Media_Preparation","**Amenities:** Coffee bar should be ""live"" (pods displayed, mugs ready).","Not Started","UNKNOWN","None","Owner","04_Setup_Execution\06_Content_and_Media_Preparation\2026-04-01__Photography_Media_Prep_Checklist__v1.md","Granular task from checklist"
"TASK-1076","Setup_Execution","06_Content_and_Media_Preparation","**Lifestyle Shot:** Fresh lemons in the fruit bowl; one open cookbook.","Not Started","UNKNOWN","None","Owner","04_Setup_Execution\06_Content_and_Media_Preparation\2026-04-01__Photography_Media_Prep_Checklist__v1.md","Granular task from checklist"
"TASK-1077","Setup_Execution","06_Content_and_Media_Preparation","**Bedding:** ""Triple-sheet"" method; pillows fluffed to 90-degree angle.","Not Started","UNKNOWN","None","Owner","04_Setup_Execution\06_Content_and_Media_Preparation\2026-04-01__Photography_Media_Prep_Checklist__v1.md","Granular task from checklist"
"TASK-1078","Setup_Execution","06_Content_and_Media_Preparation","**Atmosphere:** Nightstand lamps ON; warm ambient feel.","Not Started","UNKNOWN","None","Owner","04_Setup_Execution\06_Content_and_Media_Preparation\2026-04-01__Photography_Media_Prep_Checklist__v1.md","Granular task from checklist"
"TASK-1079","Setup_Execution","06_Content_and_Media_Preparation","**Bunkbeds:** Use ""fun"" but refined bedding to emphasize the family-friendly aspect.","Not Started","UNKNOWN","None","Owner","04_Setup_Execution\06_Content_and_Media_Preparation\2026-04-01__Photography_Media_Prep_Checklist__v1.md","Granular task from checklist"
"TASK-1080","Setup_Execution","06_Content_and_Media_Preparation","**Den:** Work desk staged with a clean laptop/notebook to show ""Work from Home"" utility.","Not Started","UNKNOWN","None","Owner","04_Setup_Execution\06_Content_and_Media_Preparation\2026-04-01__Photography_Media_Prep_Checklist__v1.md","Granular task from checklist"
"TASK-1081","Setup_Execution","06_Content_and_Media_Preparation","**Patio (468""):** Fire pit in ""social"" arrangement; string lights active for dusk shots.","Not Started","UNKNOWN","None","Owner","04_Setup_Execution\06_Content_and_Media_Preparation\2026-04-01__Photography_Media_Prep_Checklist__v1.md","Granular task from checklist"
"TASK-1082","Operations","03_Supply_and_Inventory_Management","True","True","True","True","True","05_Operations\03_Supply_and_Inventory_Management\2026-04-01__03_Task_Calendar_Tracker__v1.csv","True"
"TASK-1083","Operations","03_Supply_and_Inventory_Management","True","True","True","True","True","05_Operations\03_Supply_and_Inventory_Management\2026-04-01__03_Task_Calendar_Tracker__v1.csv","True"
"TASK-1084","Operations","03_Supply_and_Inventory_Management","True","True","True","True","True","05_Operations\03_Supply_and_Inventory_Management\2026-04-01__03_Task_Calendar_Tracker__v1.csv","True"
"TASK-1085","Operations","03_Supply_and_Inventory_Management","True","True","True","True","True","05_Operations\03_Supply_and_Inventory_Management\2026-04-01__03_Task_Calendar_Tracker__v1.csv","True"
"TASK-1086","Operations","03_Supply_and_Inventory_Management","True","True","True","True","True","05_Operations\03_Supply_and_Inventory_Management\2026-04-01__03_Task_Calendar_Tracker__v1.csv","True"
"TASK-1087","Operations","03_Supply_and_Inventory_Management","True","True","True","True","True","05_Operations\03_Supply_and_Inventory_Management\2026-04-01__03_Task_Calendar_Tracker__v1.csv","True"
"TASK-1088","Operations","03_Supply_and_Inventory_Management","True","True","True","True","True","05_Operations\03_Supply_and_Inventory_Management\2026-04-01__03_Task_Calendar_Tracker__v1.csv","True"
"TASK-1089","Operations","03_Supply_and_Inventory_Management","True","True","True","True","True","05_Operations\03_Supply_and_Inventory_Management\2026-04-01__03_Task_Calendar_Tracker__v1.csv","True"
"TASK-1090","Operations","05_Incident_and_Resolution_Log","Every ""Medium"" or ""High"" incident must be cross-referenced in the [Repair Tickets](../../10_Maintenance/02_Repair_Tickets/2026-04-01__02_Repair_Tickets_Tracker__v1.csv).","Not Started","UNKNOWN","None","Owner","05_Operations\05_Incident_and_Resolution_Log\2026-04-01__Incident_Resolution_Log__v1.md","Granular task from checklist"
"TASK-1091","Operations","05_Incident_and_Resolution_Log","Weekly review of the [Incident Tracker](./2026-04-01__05_Incident_Resolution_Tracker__v1.csv) to identify recurring failure patterns.","Not Started","UNKNOWN","None","Owner","05_Operations\05_Incident_and_Resolution_Log\2026-04-01__Incident_Resolution_Log__v1.md","Granular task from checklist"
"TASK-1092","Operations","06_Operational_Checklists","**Main Entry (60""):** Smart lock functions; no scuffs on the door; no mail or debris on the porch.","Not Started","UNKNOWN","None","Owner","05_Operations\06_Operational_Checklists\2026-04-01__Arrival_Quality_Checklist__v1.md","Granular task from checklist"
"TASK-1093","Operations","06_Operational_Checklists","**Hallway (158""):** No footprints on LVP floor; motion-sensing lights active; no ""musty"" odor.","Not Started","UNKNOWN","None","Owner","05_Operations\06_Operational_Checklists\2026-04-01__Arrival_Quality_Checklist__v1.md","Granular task from checklist"
"TASK-1094","Operations","06_Operational_Checklists","**Kitchen Island (142""):** High-gloss finish on countertops; no water spots in the sink; bar stools evenly aligned.","Not Started","UNKNOWN","None","Owner","05_Operations\06_Operational_Checklists\2026-04-01__Arrival_Quality_Checklist__v1.md","Granular task from checklist"
"TASK-1095","Operations","06_Operational_Checklists","**Great Room (300""x163""):** Sectional sofa pillows fluffed; TV remote in the specified spot; all window blinds at the same height.","Not Started","UNKNOWN","None","Owner","05_Operations\06_Operational_Checklists\2026-04-01__Arrival_Quality_Checklist__v1.md","Granular task from checklist"
"TASK-1096","Operations","06_Operational_Checklists","**Kitchen Supplies:** Coffee bar stocked; fresh fruit in the bowl; fridge is cold (Verify 38??F).","Not Started","UNKNOWN","None","Owner","05_Operations\06_Operational_Checklists\2026-04-01__Arrival_Quality_Checklist__v1.md","Granular task from checklist"
"TASK-1097","Operations","06_Operational_Checklists","**Primary Bed:** Bed is ""tight"" (no wrinkles); nightstand chargers plugged in; TV tested.","Not Started","UNKNOWN","None","Owner","05_Operations\06_Operational_Checklists\2026-04-01__Arrival_Quality_Checklist__v1.md","Granular task from checklist"
"TASK-1098","Operations","06_Operational_Checklists","**Secondary Beds:** Bunkbed ladders secure; dressers empty and clean.","Not Started","UNKNOWN","None","Owner","05_Operations\06_Operational_Checklists\2026-04-01__Arrival_Quality_Checklist__v1.md","Granular task from checklist"
"TASK-1099","Operations","06_Operational_Checklists","**Den:** Work desk is clear; sleeper sofa is tucked; gaming console is on standby.","Not Started","UNKNOWN","None","Owner","05_Operations\06_Operational_Checklists\2026-04-01__Arrival_Quality_Checklist__v1.md","Granular task from checklist"
"TASK-1100","Operations","06_Operational_Checklists","**Bathrooms:** Toilets flushed; no hair in the shower/tub; amenities filled to 90%+.","Not Started","UNKNOWN","None","Owner","05_Operations\06_Operational_Checklists\2026-04-01__Arrival_Quality_Checklist__v1.md","Granular task from checklist"
"TASK-1101","Operations","06_Operational_Checklists","**Temperature:** HVAC set to 72??F (Cool) or 68??F (Heat) per season.","Not Started","UNKNOWN","None","Owner","05_Operations\06_Operational_Checklists\2026-04-01__Arrival_Quality_Checklist__v1.md","Granular task from checklist"
"TASK-1102","Operations","06_Operational_Checklists","**Safety:** Fire extinguisher is in place; first aid kit is visible in the mudroom.","Not Started","UNKNOWN","None","Owner","05_Operations\06_Operational_Checklists\2026-04-01__Arrival_Quality_Checklist__v1.md","Granular task from checklist"
"TASK-1103","Operations","06_Operational_Checklists","All art is straight.","Not Started","UNKNOWN","None","Owner","05_Operations\06_Operational_Checklists\2026-04-01__Arrival_Quality_Checklist__v1.md","Granular task from checklist"
"TASK-1104","Operations","06_Operational_Checklists","House manual is open to the first page on the coffee table.","Not Started","UNKNOWN","None","Owner","05_Operations\06_Operational_Checklists\2026-04-01__Arrival_Quality_Checklist__v1.md","Granular task from checklist"
"TASK-1105","Operations","06_Operational_Checklists","A small ""Welcome Gift"" (optional) is placed on the 142"" kitchen island.","Not Started","UNKNOWN","None","Owner","05_Operations\06_Operational_Checklists\2026-04-01__Arrival_Quality_Checklist__v1.md","Granular task from checklist"
"TASK-1106","Operations","06_Operational_Checklists","Smart lock works and guest code is active.","Not Started","UNKNOWN","None","Owner","05_Operations\06_Operational_Checklists\2026-04-01__Turnover_Day_Quick_Checklist__v1.md","Granular task from checklist"
"TASK-1107","Operations","06_Operational_Checklists","Porch and entry are clear (no debris, packages, or clutter).","Not Started","UNKNOWN","None","Owner","05_Operations\06_Operational_Checklists\2026-04-01__Turnover_Day_Quick_Checklist__v1.md","Granular task from checklist"
"TASK-1108","Operations","06_Operational_Checklists","Hallway and main walkway are fully clear.","Not Started","UNKNOWN","None","Owner","05_Operations\06_Operational_Checklists\2026-04-01__Turnover_Day_Quick_Checklist__v1.md","Granular task from checklist"
"TASK-1109","Operations","06_Operational_Checklists","Home smell is neutral and fresh (no food or chemical odor).","Not Started","UNKNOWN","None","Owner","05_Operations\06_Operational_Checklists\2026-04-01__Turnover_Day_Quick_Checklist__v1.md","Granular task from checklist"
"TASK-1110","Operations","06_Operational_Checklists","Great room is reset (pillows straight, surfaces clean, remote visible).","Not Started","UNKNOWN","None","Owner","05_Operations\06_Operational_Checklists\2026-04-01__Turnover_Day_Quick_Checklist__v1.md","Granular task from checklist"
"TASK-1111","Operations","06_Operational_Checklists","TV powers on and volume is at a normal level.","Not Started","UNKNOWN","None","Owner","05_Operations\06_Operational_Checklists\2026-04-01__Turnover_Day_Quick_Checklist__v1.md","Granular task from checklist"
"TASK-1112","Operations","06_Operational_Checklists","Kitchen counters and sink are spotless.","Not Started","UNKNOWN","None","Owner","05_Operations\06_Operational_Checklists\2026-04-01__Turnover_Day_Quick_Checklist__v1.md","Granular task from checklist"
"TASK-1113","Operations","06_Operational_Checklists","Bar stools are aligned and stable.","Not Started","UNKNOWN","None","Owner","05_Operations\06_Operational_Checklists\2026-04-01__Turnover_Day_Quick_Checklist__v1.md","Granular task from checklist"
"TASK-1114","Operations","06_Operational_Checklists","Coffee setup is stocked and ready.","Not Started","UNKNOWN","None","Owner","05_Operations\06_Operational_Checklists\2026-04-01__Turnover_Day_Quick_Checklist__v1.md","Granular task from checklist"
"TASK-1115","Operations","06_Operational_Checklists","Fridge is clean, cold, and empty of old items.","Not Started","UNKNOWN","None","Owner","05_Operations\06_Operational_Checklists\2026-04-01__Turnover_Day_Quick_Checklist__v1.md","Granular task from checklist"
"TASK-1116","Operations","06_Operational_Checklists","Primary bed is fully reset and wrinkle-free.","Not Started","UNKNOWN","None","Owner","05_Operations\06_Operational_Checklists\2026-04-01__Turnover_Day_Quick_Checklist__v1.md","Granular task from checklist"
"TASK-1117","Operations","06_Operational_Checklists","Secondary bedrooms are clean and staged.","Not Started","UNKNOWN","None","Owner","05_Operations\06_Operational_Checklists\2026-04-01__Turnover_Day_Quick_Checklist__v1.md","Granular task from checklist"
"TASK-1118","Operations","06_Operational_Checklists","Den is reset (desk clear, sofa/sleeper in proper position).","Not Started","UNKNOWN","None","Owner","05_Operations\06_Operational_Checklists\2026-04-01__Turnover_Day_Quick_Checklist__v1.md","Granular task from checklist"
"TASK-1119","Operations","06_Operational_Checklists","All bathrooms are clean, dry, and fully restocked.","Not Started","UNKNOWN","None","Owner","05_Operations\06_Operational_Checklists\2026-04-01__Turnover_Day_Quick_Checklist__v1.md","Granular task from checklist"
"TASK-1120","Operations","06_Operational_Checklists","Fresh towel sets are placed correctly.","Not Started","UNKNOWN","None","Owner","05_Operations\06_Operational_Checklists\2026-04-01__Turnover_Day_Quick_Checklist__v1.md","Granular task from checklist"
"TASK-1121","Operations","06_Operational_Checklists","HVAC is set for arrival comfort.","Not Started","UNKNOWN","None","Owner","05_Operations\06_Operational_Checklists\2026-04-01__Turnover_Day_Quick_Checklist__v1.md","Granular task from checklist"
"TASK-1122","Operations","06_Operational_Checklists","Lights work in key guest zones.","Not Started","UNKNOWN","None","Owner","05_Operations\06_Operational_Checklists\2026-04-01__Turnover_Day_Quick_Checklist__v1.md","Granular task from checklist"
"TASK-1123","Operations","06_Operational_Checklists","Smoke detector and fire extinguisher are present and accessible.","Not Started","UNKNOWN","None","Owner","05_Operations\06_Operational_Checklists\2026-04-01__Turnover_Day_Quick_Checklist__v1.md","Granular task from checklist"
"TASK-1124","Operations","06_Operational_Checklists","Wi-Fi is online and stable.","Not Started","UNKNOWN","None","Owner","05_Operations\06_Operational_Checklists\2026-04-01__Turnover_Day_Quick_Checklist__v1.md","Granular task from checklist"
"TASK-1125","Operations","06_Operational_Checklists","Patio seating is straight and clean.","Not Started","UNKNOWN","None","Owner","05_Operations\06_Operational_Checklists\2026-04-01__Turnover_Day_Quick_Checklist__v1.md","Granular task from checklist"
"TASK-1126","Operations","06_Operational_Checklists","Fire pit area is tidy and safe.","Not Started","UNKNOWN","None","Owner","05_Operations\06_Operational_Checklists\2026-04-01__Turnover_Day_Quick_Checklist__v1.md","Granular task from checklist"
"TASK-1127","Operations","06_Operational_Checklists","Quick final photos taken (entry, great room, primary bed, patio).","Not Started","UNKNOWN","None","Owner","05_Operations\06_Operational_Checklists\2026-04-01__Turnover_Day_Quick_Checklist__v1.md","Granular task from checklist"
"TASK-1128","Operations","06_Operational_Checklists","GO: All items marked `Yes`","Not Started","UNKNOWN","None","Owner","05_Operations\06_Operational_Checklists\2026-04-01__Turnover_Day_Quick_Checklist__v1.md","Granular task from checklist"
"TASK-1129","Operations","06_Operational_Checklists","NO-GO: At least one `No` still open","Not Started","UNKNOWN","None","Owner","05_Operations\06_Operational_Checklists\2026-04-01__Turnover_Day_Quick_Checklist__v1.md","Granular task from checklist"
"TASK-1130","Marketing_Listing","03_Channel_Setup","All rooms marked `approved_for_photos = Yes` in [Readiness Approvals](../../02_Property_Design/05_Approvals/2026-04-01__05_Photo_Readiness_Approvals__v1.csv).","Not Started","UNKNOWN","None","Owner","07_Marketing_Listing\03_Channel_Setup\2026-04-01__03_Photo_to_Publish_Launch_Checklist__v1.md","Granular task from checklist"
"TASK-1131","Marketing_Listing","03_Channel_Setup","No unresolved room notes from [Staging Log](../../04_Setup_Execution/03_Furniture_and_Staging_Execution/2026-04-01__Staging_Execution_Log__v1.md).","Not Started","UNKNOWN","None","Owner","07_Marketing_Listing\03_Channel_Setup\2026-04-01__03_Photo_to_Publish_Launch_Checklist__v1.md","Granular task from checklist"
"TASK-1132","Marketing_Listing","03_Channel_Setup","Shoot executed per the [Professional Shotlist](../01_Photos_Video/2026-04-01__01_Photo_Shotlist__v1.md).","Not Started","UNKNOWN","None","Owner","07_Marketing_Listing\03_Channel_Setup\2026-04-01__03_Photo_to_Publish_Launch_Checklist__v1.md","Granular task from checklist"
"TASK-1133","Marketing_Listing","03_Channel_Setup","**142"" Island** and **158"" Hallway** scale captured in wide-angle.","Not Started","UNKNOWN","None","Owner","07_Marketing_Listing\03_Channel_Setup\2026-04-01__03_Photo_to_Publish_Launch_Checklist__v1.md","Granular task from checklist"
"TASK-1134","Marketing_Listing","03_Channel_Setup","Minimum 2 twilight shots delivered (Patio + Interior).","Not Started","UNKNOWN","None","Owner","07_Marketing_Listing\03_Channel_Setup\2026-04-01__03_Photo_to_Publish_Launch_Checklist__v1.md","Granular task from checklist"
"TASK-1135","Marketing_Listing","03_Channel_Setup","White balance consistent across the **300"" Great Room** and Bedrooms.","Not Started","UNKNOWN","None","Owner","07_Marketing_Listing\03_Channel_Setup\2026-04-01__03_Photo_to_Publish_Launch_Checklist__v1.md","Granular task from checklist"
"TASK-1136","Marketing_Listing","03_Channel_Setup","Final set trimmed to 25-35 ""Magazine Quality"" images.","Not Started","UNKNOWN","None","Owner","07_Marketing_Listing\03_Channel_Setup\2026-04-01__03_Photo_to_Publish_Launch_Checklist__v1.md","Granular task from checklist"
"TASK-1137","Marketing_Listing","03_Channel_Setup","Filenames normalized: `YYYY-MM-DD__Area__Shot_Name__v1.jpg`.","Not Started","UNKNOWN","None","Owner","07_Marketing_Listing\03_Channel_Setup\2026-04-01__03_Photo_to_Publish_Launch_Checklist__v1.md","Granular task from checklist"
"TASK-1138","Marketing_Listing","03_Channel_Setup","Copy updated to include the **300""**, **142""**, and **158""** measurements per [Airbnb Copy Master](../02_Listing_Copy/2026-04-01__02_Airbnb_Listing_Copy__v1.md).","Not Started","UNKNOWN","None","Owner","07_Marketing_Listing\03_Channel_Setup\2026-04-01__03_Photo_to_Publish_Launch_Checklist__v1.md","Granular task from checklist"
"TASK-1139","Marketing_Listing","03_Channel_Setup","No feature mentioned in copy without a corresponding photo.","Not Started","UNKNOWN","None","Owner","07_Marketing_Listing\03_Channel_Setup\2026-04-01__03_Photo_to_Publish_Launch_Checklist__v1.md","Granular task from checklist"
"TASK-1140","Marketing_Listing","03_Channel_Setup","Airbnb hero shot sequence set (Top 5 priority).","Not Started","UNKNOWN","None","Owner","07_Marketing_Listing\03_Channel_Setup\2026-04-01__03_Photo_to_Publish_Launch_Checklist__v1.md","Granular task from checklist"
"TASK-1141","Marketing_Listing","03_Channel_Setup","Austin STR License number displayed in [House Rules](../../06_Guest_Experience/01_House_Manual/2026-04-01__House_Manual_Master__v1.md).","Not Started","UNKNOWN","None","Owner","07_Marketing_Listing\03_Channel_Setup\2026-04-01__03_Photo_to_Publish_Launch_Checklist__v1.md","Granular task from checklist"
"TASK-1142","Marketing_Listing","03_Channel_Setup","Final self-audit pass complete on both platforms.","Not Started","UNKNOWN","None","Owner","07_Marketing_Listing\03_Channel_Setup\2026-04-01__03_Photo_to_Publish_Launch_Checklist__v1.md","Granular task from checklist"
"TASK-1143","Legal_Compliance","04_Regulations_HOA","True","True","True","True","True","09_Legal_Compliance\04_Regulations_HOA\2026-04-01__04_Regulations_HOA_Tracker__v1.csv","True"
"TASK-1144","Legal_Compliance","04_Regulations_HOA","True","True","True","True","True","09_Legal_Compliance\04_Regulations_HOA\2026-04-01__04_Regulations_HOA_Tracker__v1.csv","True"
"TASK-1145","Legal_Compliance","04_Regulations_HOA","True","True","True","True","True","09_Legal_Compliance\04_Regulations_HOA\2026-04-01__04_Regulations_HOA_Tracker__v1.csv","True"
"TASK-1146","Legal_Compliance","04_Regulations_HOA","True","True","True","True","True","09_Legal_Compliance\04_Regulations_HOA\2026-04-01__04_Regulations_HOA_Tracker__v1.csv","True"
"TASK-1147","Legal_Compliance","04_Regulations_HOA","True","True","True","True","True","09_Legal_Compliance\04_Regulations_HOA\2026-04-01__04_Regulations_HOA_Tracker__v1.csv","True"
"TASK-1148","Legal_Compliance","05_Policies_Contracts","True","True","True","True","True","09_Legal_Compliance\05_Policies_Contracts\2026-04-01__05_Policies_Contracts_Tracker__v1.csv","True"
"TASK-1149","Legal_Compliance","05_Policies_Contracts","True","True","True","True","True","09_Legal_Compliance\05_Policies_Contracts\2026-04-01__05_Policies_Contracts_Tracker__v1.csv","True"
"TASK-1150","Legal_Compliance","05_Policies_Contracts","True","True","True","True","True","09_Legal_Compliance\05_Policies_Contracts\2026-04-01__05_Policies_Contracts_Tracker__v1.csv","True"
"TASK-1151","Legal_Compliance","05_Policies_Contracts","True","True","True","True","True","09_Legal_Compliance\05_Policies_Contracts\2026-04-01__05_Policies_Contracts_Tracker__v1.csv","True"
"TASK-1152","Legal_Compliance","05_Policies_Contracts","True","True","True","True","True","09_Legal_Compliance\05_Policies_Contracts\2026-04-01__05_Policies_Contracts_Tracker__v1.csv","True"
"TASK-1153","Legal_Compliance","2026-04-01__Legal_Research_Quick_Checklist__v1.md","**Austin STR License:** Confirm Type 1 vs Type 2 requirements for the 78744 zip code.","Not Started","UNKNOWN","None","Owner","09_Legal_Compliance\2026-04-01__Legal_Research_Quick_Checklist__v1.md","Granular task from checklist"
"TASK-1154","Legal_Compliance","2026-04-01__Legal_Research_Quick_Checklist__v1.md","**Certificate of Occupancy:** Verify home's CO status for STR use.","Not Started","UNKNOWN","None","Owner","09_Legal_Compliance\2026-04-01__Legal_Research_Quick_Checklist__v1.md","Granular task from checklist"
"TASK-1155","Legal_Compliance","2026-04-01__Legal_Research_Quick_Checklist__v1.md","**License Display:** Acrylic frame for 60"" entry display prepared.","Not Started","UNKNOWN","None","Owner","09_Legal_Compliance\2026-04-01__Legal_Research_Quick_Checklist__v1.md","Granular task from checklist"
"TASK-1156","Legal_Compliance","2026-04-01__Legal_Research_Quick_Checklist__v1.md","**Austin HOT Registration:** Confirm 11% city/county tax registration is active.","Not Started","UNKNOWN","None","Owner","09_Legal_Compliance\2026-04-01__Legal_Research_Quick_Checklist__v1.md","Granular task from checklist"
"TASK-1157","Legal_Compliance","2026-04-01__Legal_Research_Quick_Checklist__v1.md","**Texas Sales Tax Permit:** Confirm 6% state lodging tax registration.","Not Started","UNKNOWN","None","Owner","09_Legal_Compliance\2026-04-01__Legal_Research_Quick_Checklist__v1.md","Granular task from checklist"
"TASK-1158","Legal_Compliance","2026-04-01__Legal_Research_Quick_Checklist__v1.md","**Filing Cadence:** Documented in [Tax Tracker](./03_Tax_Documents/2026-04-01__03_Tax_Documents_Tracker__v1.csv).","Not Started","UNKNOWN","None","Owner","09_Legal_Compliance\2026-04-01__Legal_Research_Quick_Checklist__v1.md","Granular task from checklist"
"TASK-1159","Legal_Compliance","2026-04-01__Legal_Research_Quick_Checklist__v1.md","**STR Commercial Policy:** Confirm $1M liability + loss of income coverage.","Not Started","UNKNOWN","None","Owner","09_Legal_Compliance\2026-04-01__Legal_Research_Quick_Checklist__v1.md","Granular task from checklist"
"TASK-1160","Legal_Compliance","2026-04-01__Legal_Research_Quick_Checklist__v1.md","**Fire Marshall Requirements:** Verify fire extinguishers in [Guest Safety Guide](../../06_Guest_Experience/01_House_Manual/2026-04-01__Guest_Safety_Emergency_Guide__v1.md).","Not Started","UNKNOWN","None","Owner","09_Legal_Compliance\2026-04-01__Legal_Research_Quick_Checklist__v1.md","Granular task from checklist"
"TASK-1161","Legal_Compliance","2026-04-01__Legal_Research_Quick_Checklist__v1.md","**Egress Paths:** Verify 36"" clearance in the 158"" Hallway per city ordinance.","Not Started","UNKNOWN","None","Owner","09_Legal_Compliance\2026-04-01__Legal_Research_Quick_Checklist__v1.md","Granular task from checklist"
"TASK-1162","Legal_Compliance","2026-04-01__Legal_Research_Quick_Checklist__v1.md","**HOA/CC&Rs:** Review for STR prohibitions or restrictions (Verified Source only).","Not Started","UNKNOWN","None","Owner","09_Legal_Compliance\2026-04-01__Legal_Research_Quick_Checklist__v1.md","Granular task from checklist"
"TASK-1163","Legal_Compliance","2026-04-01__Legal_Research_Quick_Checklist__v1.md","**Occupancy Cap:** Confirm ""Unrelated Adult"" limit (Austin Code 25-2-511).","Not Started","UNKNOWN","None","Owner","09_Legal_Compliance\2026-04-01__Legal_Research_Quick_Checklist__v1.md","Granular task from checklist"
"TASK-1164","Legal_Compliance","2026-04-01__Legal_Research_Quick_Checklist__v1.md","**Parking:** Verify driveway capacity (Max 2 vehicles).","Not Started","UNKNOWN","None","Owner","09_Legal_Compliance\2026-04-01__Legal_Research_Quick_Checklist__v1.md","Granular task from checklist"
"TASK-1165","Legal_Compliance","2026-04-01__Legal_Research_Quick_Checklist__v1.md","All high-risk items verified by an official source (Austin City Portal).","Not Started","UNKNOWN","None","Owner","09_Legal_Compliance\2026-04-01__Legal_Research_Quick_Checklist__v1.md","Granular task from checklist"
"TASK-1166","Legal_Compliance","2026-04-01__Legal_Research_Quick_Checklist__v1.md","License number added to listing.","Not Started","UNKNOWN","None","Owner","09_Legal_Compliance\2026-04-01__Legal_Research_Quick_Checklist__v1.md","Granular task from checklist"
"TASK-1167","Legal_Compliance","2026-04-01__Legal_Research_Quick_Checklist__v1.md","Tax collection verified on Airbnb/VRBO platforms.","Not Started","UNKNOWN","None","Owner","09_Legal_Compliance\2026-04-01__Legal_Research_Quick_Checklist__v1.md","Granular task from checklist"
"TASK-1168","Maintenance","01_Preventive_Maintenance","True","True","True","True","True","10_Maintenance\01_Preventive_Maintenance\2026-04-01__01_Preventive_Maintenance_Tracker__v1.csv","True"
"TASK-1169","Maintenance","01_Preventive_Maintenance","True","True","True","True","True","10_Maintenance\01_Preventive_Maintenance\2026-04-01__01_Preventive_Maintenance_Tracker__v1.csv","True"
"TASK-1170","Maintenance","01_Preventive_Maintenance","True","True","True","True","True","10_Maintenance\01_Preventive_Maintenance\2026-04-01__01_Preventive_Maintenance_Tracker__v1.csv","True"
"TASK-1171","Maintenance","01_Preventive_Maintenance","True","True","True","True","True","10_Maintenance\01_Preventive_Maintenance\2026-04-01__01_Preventive_Maintenance_Tracker__v1.csv","True"
"TASK-1172","Maintenance","01_Preventive_Maintenance","True","True","True","True","True","10_Maintenance\01_Preventive_Maintenance\2026-04-01__01_Preventive_Maintenance_Tracker__v1.csv","True"
"TASK-1173","Maintenance","01_Preventive_Maintenance","True","True","True","True","True","10_Maintenance\01_Preventive_Maintenance\2026-04-01__01_Preventive_Maintenance_Tracker__v1.csv","True"
"TASK-1174","Maintenance","01_Preventive_Maintenance","True","True","True","True","True","10_Maintenance\01_Preventive_Maintenance\2026-04-01__01_Preventive_Maintenance_Tracker__v1.csv","True"
"TASK-1175","Maintenance","02_Repair_Tickets","True","True","True","True","True","10_Maintenance\02_Repair_Tickets\2026-04-01__02_Repair_Tickets_Tracker__v1.csv","True"
"TASK-1176","Maintenance","02_Repair_Tickets","True","True","True","True","True","10_Maintenance\02_Repair_Tickets\2026-04-01__02_Repair_Tickets_Tracker__v1.csv","True"
"TASK-1177","Maintenance","02_Repair_Tickets","True","True","True","True","True","10_Maintenance\02_Repair_Tickets\2026-04-01__02_Repair_Tickets_Tracker__v1.csv","True"
"TASK-1178","Maintenance","04_Asset_Register","True","True","True","True","True","10_Maintenance\04_Asset_Register\2026-04-01__04_Asset_Register_Tracker__v1.csv","True"
"TASK-1179","Maintenance","04_Asset_Register","True","True","True","True","True","10_Maintenance\04_Asset_Register\2026-04-01__04_Asset_Register_Tracker__v1.csv","True"
"TASK-1180","Maintenance","04_Asset_Register","True","True","True","True","True","10_Maintenance\04_Asset_Register\2026-04-01__04_Asset_Register_Tracker__v1.csv","True"
"TASK-1181","Maintenance","04_Asset_Register","True","True","True","True","True","10_Maintenance\04_Asset_Register\2026-04-01__04_Asset_Register_Tracker__v1.csv","True"
"TASK-1182","Maintenance","04_Asset_Register","True","True","True","True","True","10_Maintenance\04_Asset_Register\2026-04-01__04_Asset_Register_Tracker__v1.csv","True"
"TASK-1183","Maintenance","04_Asset_Register","True","True","True","True","True","10_Maintenance\04_Asset_Register\2026-04-01__04_Asset_Register_Tracker__v1.csv","True"
"TASK-1184","Maintenance","04_Asset_Register","True","True","True","True","True","10_Maintenance\04_Asset_Register\2026-04-01__04_Asset_Register_Tracker__v1.csv","True"
"TASK-1185","Maintenance","04_Asset_Register","True","True","True","True","True","10_Maintenance\04_Asset_Register\2026-04-01__04_Asset_Register_Tracker__v1.csv","True"
"TASK-1186","Maintenance","04_Asset_Register","True","True","True","True","True","10_Maintenance\04_Asset_Register\2026-04-01__04_Asset_Register_Tracker__v1.csv","True"
"TASK-1187","Maintenance","04_Asset_Register","True","True","True","True","True","10_Maintenance\04_Asset_Register\2026-04-01__04_Asset_Register_Tracker__v1.csv","True"
"TASK-1188","Maintenance","05_Utilities_Systems","True","True","True","True","True","10_Maintenance\05_Utilities_Systems\2026-04-01__05_Utilities_Systems_Tracker__v1.csv","True"
"TASK-1189","Maintenance","05_Utilities_Systems","True","True","True","True","True","10_Maintenance\05_Utilities_Systems\2026-04-01__05_Utilities_Systems_Tracker__v1.csv","True"
"TASK-1190","Maintenance","05_Utilities_Systems","True","True","True","True","True","10_Maintenance\05_Utilities_Systems\2026-04-01__05_Utilities_Systems_Tracker__v1.csv","True"
"TASK-1191","Maintenance","05_Utilities_Systems","True","True","True","True","True","10_Maintenance\05_Utilities_Systems\2026-04-01__05_Utilities_Systems_Tracker__v1.csv","True"
