Property Name,Pricing Power (1-5),Amenities Strength (1-5),Design Quality (1-5),Location Strength (1-5),Booking Appeal (1-5),Total Score,Average Score,Notes
Easton Park Social Hub,3,4,5,4,5,21,4.2,Top social performer
Goodnight Ranch Den-Conversion,4,3,3,4,4,18,3.6,Strong family utility
The "Stiletto" Style Rental,4,3,5,5,5,22,4.4,Market leader in design
The 78744 Outdoor Oasis,5,5,4,4,5,23,4.6,Pool + Hot Tub premium
Easton Park Designer Retreat,5,5,5,4,4,23,4.6,Luxury pricing leader
Business & Corporate Retreat,3,4,3,4,4,18,3.6,Pool at budget price
High-Occupancy Family Haven,2,2,3,3,3,13,2.6,Utility focused
Luxury Single-Level Social Hub,4,4,5,4,4,21,4.2,Perfect 5.0 rating
Mid-Term & Executive Launchpad,2,2,1,3,3,11,2.2,Minimalist / Low ROI
Modern COTA / Tesla Gateway,4,3,4,4,3,18,3.6,Location driven
The Digital Nomad Hub,2,4,1,3,4,14,2.8,Tech utility focus
The "Step-Free" Access Leader,4,3,4,4,4,19,3.8,Accessibility niche
The High-Review Legacy Comp,2,3,4,4,5,18,3.6,Trust equity leader
The Mid-Term "Relo" Specialist,1,2,3,4,3,13,2.6,Zero vacancy focus
The "Austin Local" Experience,5,4,5,4,5,23,4.6,Experience leader
**SUBJECT: 7513 BALLYDAWN**,4,4,5,5,3,21,4.2,Architectural Hook
